4523752/018.jpg,4523752/016.jpg,1
4690180/018.jpg,4690180/013.jpg,1
4555351/026.jpg,4555351/013.jpg,1
5652218/033.jpg,5652218/023.jpg,1
4460267/019.jpg,4460267/040.jpg,1
4774362/034.jpg,4774362/013.jpg,1
5553911/045.jpg,5553911/020.jpg,1
4378215/012.jpg,4378215/015.jpg,1
5786096/012.jpg,5786096/002.jpg,1
4722219/020.jpg,4722219/014.jpg,1
4418099/017.jpg,4418099/005.jpg,1
4589825/011.jpg,4589825/016.jpg,1
4589825/006.jpg,4589825/002.jpg,1
5191227/007.jpg,5191227/024.jpg,1
6489352/008.jpg,6489352/001.jpg,1
4869921/005.jpg,4869921/011.jpg,1
5873274/001.jpg,5873274/008.jpg,1
4366054/005.jpg,4366054/015.jpg,1
4832920/030.jpg,4832920/022.jpg,1
4866928/015.jpg,4866928/001.jpg,1
4872706/010.jpg,4872706/043.jpg,1
5431622/014.jpg,5431622/015.jpg,1
5083794/019.jpg,5083794/008.jpg,1
5554445/046.jpg,5554445/019.jpg,1
5553911/012.jpg,5553911/033.jpg,1
4932304/007.jpg,4932304/012.jpg,1
4855952/011.jpg,4855952/006.jpg,1
4377242/017.jpg,4377242/001.jpg,1
4883718/029.jpg,4883718/015.jpg,1
5134284/016.jpg,5134284/014.jpg,1
6383100/004.jpg,6383100/003.jpg,1
5553911/041.jpg,5553911/011.jpg,1
5445402/014.jpg,5445402/001.jpg,1
5559534/004.jpg,5559534/019.jpg,1
4446467/034.jpg,4446467/007.jpg,1
5211815/035.jpg,5211815/025.jpg,1
4526040/009.jpg,4526040/027.jpg,1
5629608/012.jpg,5629608/001.jpg,1
5105498/019.jpg,5105498/038.jpg,1
4552582/015.jpg,4552582/030.jpg,1
6152976/031.jpg,6152976/043.jpg,1
5713413/002.jpg,5713413/023.jpg,1
5540978/014.jpg,5540978/005.jpg,1
5307554/037.jpg,5307554/032.jpg,1
5223413/047.jpg,5223413/014.jpg,1
4939017/041.jpg,4939017/019.jpg,1
4474577/020.jpg,4474577/053.jpg,1
4746337/008.jpg,4746337/005.jpg,1
4434461/002.jpg,4434461/006.jpg,1
4449941/018.jpg,4449941/003.jpg,1
5117177/019.jpg,5117177/023.jpg,1
5617665/003.jpg,5617665/006.jpg,1
4774362/069.jpg,4774362/077.jpg,1
5559534/003.jpg,5559534/015.jpg,1
5803970/009.jpg,5803970/001.jpg,1
5134284/007.jpg,5134284/006.jpg,1
4391932/018.jpg,4391932/041.jpg,1
4415201/011.jpg,4415201/026.jpg,1
5540978/011.jpg,5540978/016.jpg,1
5553911/021.jpg,5553911/018.jpg,1
6109225/014.jpg,6109225/024.jpg,1
5166378/020.jpg,5166378/024.jpg,1
5540978/021.jpg,5540978/037.jpg,1
5360404/030.jpg,5360404/015.jpg,1
5070789/040.jpg,5070789/042.jpg,1
5136263/009.jpg,5136263/003.jpg,1
4990126/001.jpg,4990126/041.jpg,1
5157403/005.jpg,5157403/019.jpg,1
5059998/019.jpg,5059998/009.jpg,1
4586904/043.jpg,4586904/006.jpg,1
4519587/023.jpg,4519587/046.jpg,1
5734180/007.jpg,5734180/006.jpg,1
4522267/017.jpg,4522267/042.jpg,1
5121337/009.jpg,5121337/006.jpg,1
4572322/002.jpg,4572322/008.jpg,1
4682545/041.jpg,4682545/036.jpg,1
5702934/021.jpg,5702934/019.jpg,1
5105498/021.jpg,5105498/043.jpg,1
5475949/005.jpg,5475949/001.jpg,1
5478140/003.jpg,5478140/017.jpg,1
5283241/007.jpg,5283241/016.jpg,1
4483476/020.jpg,4483476/037.jpg,1
5399497/009.jpg,5399497/002.jpg,1
4861659/015.jpg,4861659/002.jpg,1
5223413/006.jpg,5223413/012.jpg,1
5166378/011.jpg,5166378/013.jpg,1
5164828/012.jpg,5164828/037.jpg,1
5831542/005.jpg,5831542/037.jpg,1
5655015/004.jpg,5655015/011.jpg,1
4442319/035.jpg,4442319/013.jpg,1
4585643/017.jpg,4585643/028.jpg,1
4398262/008.jpg,4398262/006.jpg,1
4680788/005.jpg,4680788/022.jpg,1
4972453/013.jpg,4972453/008.jpg,1
5043972/027.jpg,5043972/011.jpg,1
5197836/032.jpg,5197836/016.jpg,1
5015107/008.jpg,5015107/011.jpg,1
5166378/003.jpg,5166378/012.jpg,1
6392685/005.jpg,6392685/032.jpg,1
5164828/018.jpg,5164828/007.jpg,1
6109225/029.jpg,6109225/007.jpg,1
4790982/022.jpg,4790982/010.jpg,1
5375322/012.jpg,5375322/013.jpg,1
6487924/002.jpg,6487924/007.jpg,1
4535518/028.jpg,4535518/023.jpg,1
4480988/012.jpg,4480988/011.jpg,1
5675606/019.jpg,5675606/018.jpg,1
4658287/017.jpg,4658287/005.jpg,1
4591670/061.jpg,4591670/059.jpg,1
4391932/053.jpg,4391932/048.jpg,1
5743918/020.jpg,5743918/021.jpg,1
4434461/010.jpg,4434461/015.jpg,1
4644635/003.jpg,4644635/005.jpg,1
6392685/010.jpg,6392685/012.jpg,1
5903584/002.jpg,5903584/026.jpg,1
4666955/021.jpg,4666955/002.jpg,1
4582999/013.jpg,4582999/021.jpg,1
4794166/002.jpg,4794166/007.jpg,1
4568815/021.jpg,4568815/001.jpg,1
5153714/011.jpg,5153714/010.jpg,1
4936479/012.jpg,4936479/007.jpg,1
5586718/013.jpg,5586718/019.jpg,1
6432391/022.jpg,6432391/017.jpg,1
5942362/014.jpg,5942362/062.jpg,1
5110983/012.jpg,5110983/002.jpg,1
4570220/031.jpg,4570220/035.jpg,1
5283241/002.jpg,5283241/021.jpg,1
5513628/007.jpg,5513628/001.jpg,1
5569981/014.jpg,5569981/010.jpg,1
4751000/027.jpg,4751000/010.jpg,1
5349303/003.jpg,5349303/013.jpg,1
4932304/022.jpg,4932304/031.jpg,1
5164828/045.jpg,5164828/020.jpg,1
5476978/030.jpg,5476978/022.jpg,1
4412986/004.jpg,4412986/010.jpg,1
6353801/018.jpg,6353801/010.jpg,1
4478322/024.jpg,4478322/027.jpg,1
5666714/009.jpg,5666714/006.jpg,1
6188016/001.jpg,6188016/015.jpg,1
4681522/014.jpg,4681522/017.jpg,1
6219361/025.jpg,6219361/031.jpg,1
4582999/019.jpg,4582999/006.jpg,1
5486964/002.jpg,5486964/010.jpg,1
4378215/013.jpg,4378215/011.jpg,1
4990557/025.jpg,4990557/008.jpg,1
4396550/011.jpg,4396550/018.jpg,1
5308070/008.jpg,5308070/020.jpg,1
5349303/004.jpg,5349303/012.jpg,1
5942362/086.jpg,5942362/081.jpg,1
4678782/007.jpg,4678782/017.jpg,1
5445402/009.jpg,5445402/008.jpg,1
4523752/013.jpg,4523752/006.jpg,1
5306079/010.jpg,5306079/002.jpg,1
5559738/005.jpg,5559738/022.jpg,1
6230258/003.jpg,6230258/028.jpg,1
4733211/019.jpg,4733211/018.jpg,1
4978948/004.jpg,4978948/002.jpg,1
5908190/018.jpg,5908190/007.jpg,1
5077481/016.jpg,5077481/002.jpg,1
5308173/005.jpg,5308173/001.jpg,1
4774362/014.jpg,4774362/059.jpg,1
5554445/038.jpg,5554445/027.jpg,1
5629608/002.jpg,5629608/011.jpg,1
6230258/050.jpg,6230258/001.jpg,1
4519587/024.jpg,4519587/035.jpg,1
5942362/074.jpg,5942362/025.jpg,1
5077481/029.jpg,5077481/010.jpg,1
4533198/058.jpg,4533198/073.jpg,1
5256067/022.jpg,5256067/029.jpg,1
4476887/010.jpg,4476887/015.jpg,1
4733211/001.jpg,4733211/008.jpg,1
4442319/018.jpg,4442319/007.jpg,1
6418193/013.jpg,6418193/016.jpg,1
5681403/001.jpg,5681403/015.jpg,1
4570220/046.jpg,4570220/008.jpg,1
4571330/034.jpg,4571330/066.jpg,1
4442319/003.jpg,4442319/024.jpg,1
4460267/031.jpg,4460267/027.jpg,1
4448255/011.jpg,4448255/004.jpg,1
5549723/005.jpg,5549723/003.jpg,1
4423549/002.jpg,4423549/014.jpg,1
4535029/016.jpg,4535029/004.jpg,1
4434461/027.jpg,4434461/019.jpg,1
4678782/012.jpg,4678782/008.jpg,1
5123271/023.jpg,5123271/005.jpg,1
6573530/041.jpg,6573530/018.jpg,1
6293841/025.jpg,6293841/024.jpg,1
5804957/012.jpg,5804957/006.jpg,1
4487976/025.jpg,4487976/021.jpg,1
4718905/013.jpg,4718905/023.jpg,1
4705288/023.jpg,4705288/010.jpg,1
6234845/012.jpg,6234845/002.jpg,1
5664432/014.jpg,5664432/004.jpg,1
4703025/029.jpg,4703025/014.jpg,1
6189742/036.jpg,6189742/024.jpg,1
5083794/010.jpg,5083794/018.jpg,1
5162684/009.jpg,5162684/022.jpg,1
4898323/026.jpg,4898323/010.jpg,1
4992243/020.jpg,4992243/024.jpg,1
4680788/035.jpg,4680788/029.jpg,1
4522267/025.jpg,4522267/045.jpg,1
4470846/008.jpg,4470846/001.jpg,1
5444355/004.jpg,5444355/015.jpg,1
6109225/013.jpg,6109225/021.jpg,1
4421617/029.jpg,4421617/048.jpg,1
4448255/029.jpg,4448255/025.jpg,1
5449559/008.jpg,5449559/027.jpg,1
5194953/004.jpg,5194953/003.jpg,1
4733211/012.jpg,4733211/015.jpg,1
4893225/025.jpg,4893225/024.jpg,1
4794166/006.jpg,4794166/005.jpg,1
4478322/031.jpg,4478322/019.jpg,1
6317420/015.jpg,6317420/010.jpg,1
5942362/057.jpg,5942362/047.jpg,1
5694385/002.jpg,5694385/014.jpg,1
6121003/030.jpg,6121003/006.jpg,1
4644635/006.jpg,4644635/013.jpg,1
5617665/007.jpg,5617665/023.jpg,1
5587543/019.jpg,5587543/028.jpg,1
4746337/017.jpg,4746337/009.jpg,1
4508994/002.jpg,4508994/016.jpg,1
5052472/013.jpg,5052472/011.jpg,1
4421617/024.jpg,4421617/053.jpg,1
5117177/034.jpg,5117177/016.jpg,1
5554445/013.jpg,5554445/017.jpg,1
4449941/005.jpg,4449941/024.jpg,1
4872819/005.jpg,4872819/015.jpg,1
4638404/009.jpg,4638404/004.jpg,1
4836884/002.jpg,4836884/032.jpg,1
5043972/022.jpg,5043972/026.jpg,1
5971068/016.jpg,5971068/004.jpg,1
5657590/024.jpg,5657590/020.jpg,1
4535518/024.jpg,4535518/005.jpg,1
4687936/020.jpg,4687936/016.jpg,1
5307554/027.jpg,5307554/016.jpg,1
4474577/027.jpg,4474577/067.jpg,1
5713413/019.jpg,5713413/001.jpg,1
4774362/037.jpg,4774362/061.jpg,1
4661932/007.jpg,4661932/022.jpg,1
4718905/017.jpg,4718905/027.jpg,1
4836884/020.jpg,4836884/060.jpg,1
4681922/023.jpg,4681922/014.jpg,1
4681922/004.jpg,4681922/002.jpg,1
5713413/013.jpg,5713413/011.jpg,1
6002497/015.jpg,6002497/005.jpg,1
5196965/024.jpg,5196965/004.jpg,1
4474577/004.jpg,4474577/038.jpg,1
4476068/010.jpg,4476068/004.jpg,1
5657590/009.jpg,5657590/011.jpg,1
4972453/023.jpg,4972453/014.jpg,1
5657590/019.jpg,5657590/005.jpg,1
5445402/013.jpg,5445402/005.jpg,1
5360404/025.jpg,5360404/009.jpg,1
4646781/019.jpg,4646781/018.jpg,1
6252408/011.jpg,6252408/009.jpg,1
4832920/002.jpg,4832920/020.jpg,1
4858020/015.jpg,4858020/001.jpg,1
5949163/006.jpg,5949163/007.jpg,1
5702934/010.jpg,5702934/003.jpg,1
6121003/025.jpg,6121003/019.jpg,1
4874651/005.jpg,4874651/021.jpg,1
4990557/021.jpg,4990557/017.jpg,1
5256067/015.jpg,5256067/010.jpg,1
5274598/008.jpg,5274598/010.jpg,1
5350882/002.jpg,5350882/009.jpg,1
4550086/018.jpg,4550086/008.jpg,1
5476978/035.jpg,5476978/025.jpg,1
4992243/001.jpg,4992243/010.jpg,1
6353801/014.jpg,6353801/007.jpg,1
6152976/052.jpg,6152976/014.jpg,1
5587543/065.jpg,5587543/052.jpg,1
5681882/007.jpg,5681882/013.jpg,1
5145425/022.jpg,5145425/006.jpg,1
5123271/010.jpg,5123271/015.jpg,1
4874651/001.jpg,4874651/020.jpg,1
4459426/013.jpg,4459426/015.jpg,1
4435720/018.jpg,4435720/003.jpg,1
4681922/015.jpg,4681922/009.jpg,1
4832920/057.jpg,4832920/003.jpg,1
4770772/004.jpg,4770772/013.jpg,1
4739096/007.jpg,4739096/078.jpg,1
4874651/022.jpg,4874651/011.jpg,1
5349303/001.jpg,5349303/002.jpg,1
4527107/014.jpg,4527107/020.jpg,1
5097279/011.jpg,5097279/006.jpg,1
5249697/019.jpg,5249697/012.jpg,1
4546107/028.jpg,4546107/001.jpg,1
5680642/015.jpg,5680642/017.jpg,1
4936479/038.jpg,4936479/009.jpg,1
4422265/043.jpg,4422265/016.jpg,1
5037351/027.jpg,5037351/006.jpg,1
6573530/047.jpg,6573530/048.jpg,1
4972453/022.jpg,4972453/031.jpg,1
5657590/022.jpg,5657590/014.jpg,1
4568815/018.jpg,4568815/009.jpg,1
5070789/024.jpg,5070789/005.jpg,1
5308070/026.jpg,5308070/011.jpg,1
5613764/040.jpg,5613764/021.jpg,1
4646781/017.jpg,4646781/015.jpg,1
5681403/014.jpg,5681403/009.jpg,1
4415201/033.jpg,4415201/018.jpg,1
4872706/065.jpg,4872706/030.jpg,1
5675606/012.jpg,5675606/030.jpg,1
5398610/001.jpg,5398610/011.jpg,1
6189742/015.jpg,6189742/035.jpg,1
5911712/002.jpg,5911712/019.jpg,1
4790982/014.jpg,4790982/003.jpg,1
5768706/022.jpg,5768706/013.jpg,1
5490181/005.jpg,5490181/009.jpg,1
4525233/030.jpg,4525233/010.jpg,1
5583008/032.jpg,5583008/022.jpg,1
4377242/009.jpg,4377242/023.jpg,1
5675606/021.jpg,5675606/007.jpg,1
4416000/009.jpg,4416000/007.jpg,1
4773573/018.jpg,4773573/013.jpg,1
5308173/006.jpg,5308173/017.jpg,1
4396550/012.jpg,4396550/017.jpg,1
4585643/025.jpg,4585643/005.jpg,1
4533198/071.jpg,4533198/046.jpg,1
5211815/019.jpg,5211815/041.jpg,1
5768706/011.jpg,5768706/015.jpg,1
5243044/013.jpg,5243044/010.jpg,1
4680788/032.jpg,4680788/006.jpg,1
4526040/017.jpg,4526040/018.jpg,1
6212900/014.jpg,6212900/010.jpg,1
5293695/019.jpg,5293695/013.jpg,1
5211815/038.jpg,5211815/020.jpg,1
5928307/018.jpg,5928307/008.jpg,1
5449559/007.jpg,5449559/022.jpg,1
6317420/003.jpg,6317420/022.jpg,1
4739096/046.jpg,4739096/035.jpg,1
4893225/012.jpg,4893225/047.jpg,1
5308070/007.jpg,5308070/025.jpg,1
4748456/018.jpg,4748456/006.jpg,1
4932304/021.jpg,4932304/029.jpg,1
4546107/021.jpg,4546107/022.jpg,1
4836884/011.jpg,4836884/001.jpg,1
5513628/003.jpg,5513628/010.jpg,1
6189742/050.jpg,6189742/019.jpg,1
4555930/002.jpg,4555930/013.jpg,1
4435720/009.jpg,4435720/007.jpg,1
6293841/026.jpg,6293841/010.jpg,1
5073287/014.jpg,5073287/007.jpg,1
5604363/031.jpg,5604363/025.jpg,1
5681882/005.jpg,5681882/011.jpg,1
4683748/002.jpg,4683748/020.jpg,1
6230258/049.jpg,6230258/031.jpg,1
4421617/045.jpg,4421617/010.jpg,1
4908437/009.jpg,4908437/016.jpg,1
4990126/013.jpg,4990126/005.jpg,1
4448905/002.jpg,4448905/008.jpg,1
5070789/049.jpg,5070789/023.jpg,1
5664432/020.jpg,5664432/009.jpg,1
4578203/003.jpg,4578203/024.jpg,1
4682545/026.jpg,4682545/007.jpg,1
4476394/089.jpg,4476394/062.jpg,1
4990126/004.jpg,4990126/018.jpg,1
5375322/010.jpg,5375322/003.jpg,1
5587543/025.jpg,5587543/011.jpg,1
5445402/010.jpg,5445402/007.jpg,1
5768706/007.jpg,5768706/008.jpg,1
4866928/004.jpg,4866928/010.jpg,1
5196965/025.jpg,5196965/007.jpg,1
5713413/009.jpg,5713413/014.jpg,1
4572322/010.jpg,4572322/016.jpg,1
5734180/017.jpg,5734180/009.jpg,1
4976467/008.jpg,4976467/002.jpg,1
5903584/030.jpg,5903584/009.jpg,1
5077481/011.jpg,5077481/025.jpg,1
6212900/019.jpg,6212900/009.jpg,1
4547592/013.jpg,4547592/020.jpg,1
4832920/055.jpg,4832920/031.jpg,1
4739096/022.jpg,4739096/031.jpg,1
5652218/017.jpg,5652218/007.jpg,1
5613764/022.jpg,5613764/011.jpg,1
4959070/016.jpg,4959070/009.jpg,1
5803970/018.jpg,5803970/004.jpg,1
4832920/036.jpg,4832920/018.jpg,1
4708943/007.jpg,4708943/013.jpg,1
4872819/010.jpg,4872819/001.jpg,1
5052065/009.jpg,5052065/004.jpg,1
6293841/016.jpg,6293841/019.jpg,1
5251016/021.jpg,5251016/007.jpg,1
4939017/022.jpg,4939017/018.jpg,1
4363050/008.jpg,4363050/011.jpg,1
4668986/008.jpg,4668986/017.jpg,1
5287030/002.jpg,5287030/011.jpg,1
4739096/040.jpg,4739096/044.jpg,1
5070789/028.jpg,5070789/026.jpg,1
6249350/001.jpg,6249350/004.jpg,1
5043972/003.jpg,5043972/007.jpg,1
5675606/022.jpg,5675606/004.jpg,1
4990126/024.jpg,4990126/023.jpg,1
5540978/034.jpg,5540978/006.jpg,1
5178348/008.jpg,5178348/019.jpg,1
4703025/034.jpg,4703025/015.jpg,1
4703025/041.jpg,4703025/025.jpg,1
5121337/007.jpg,5121337/026.jpg,1
4436641/010.jpg,4436641/005.jpg,1
5630205/002.jpg,5630205/019.jpg,1
4446467/021.jpg,4446467/002.jpg,1
5554445/043.jpg,5554445/029.jpg,1
4535518/026.jpg,4535518/036.jpg,1
4586904/013.jpg,4586904/031.jpg,1
4832920/045.jpg,4832920/005.jpg,1
4933278/029.jpg,4933278/011.jpg,1
5569981/021.jpg,5569981/027.jpg,1
4908437/015.jpg,4908437/001.jpg,1
4646781/025.jpg,4646781/020.jpg,1
4401897/005.jpg,4401897/001.jpg,1
5194953/011.jpg,5194953/013.jpg,1
5052211/017.jpg,5052211/002.jpg,1
6418193/021.jpg,6418193/019.jpg,1
4572741/015.jpg,4572741/001.jpg,1
4422265/042.jpg,4422265/029.jpg,1
6109225/041.jpg,6109225/022.jpg,1
5092806/009.jpg,5092806/005.jpg,1
6188016/013.jpg,6188016/011.jpg,1
4474577/069.jpg,4474577/049.jpg,1
5256067/041.jpg,5256067/048.jpg,1
4903197/013.jpg,4903197/007.jpg,1
4377242/021.jpg,4377242/019.jpg,1
5070789/015.jpg,5070789/034.jpg,1
4449941/012.jpg,4449941/013.jpg,1
4596402/007.jpg,4596402/006.jpg,1
5072416/001.jpg,5072416/011.jpg,1
4570220/018.jpg,4570220/026.jpg,1
5360404/004.jpg,5360404/019.jpg,1
6079503/002.jpg,6079503/030.jpg,1
5544358/015.jpg,5544358/001.jpg,1
4391932/040.jpg,4391932/034.jpg,1
4939017/013.jpg,4939017/044.jpg,1
4448255/013.jpg,4448255/016.jpg,1
4391932/027.jpg,4391932/075.jpg,1
4992243/013.jpg,4992243/018.jpg,1
5569981/016.jpg,5569981/008.jpg,1
5847762/007.jpg,5847762/004.jpg,1
5786096/001.jpg,5786096/004.jpg,1
4939017/049.jpg,4939017/047.jpg,1
4790982/012.jpg,4790982/011.jpg,1
4570220/051.jpg,4570220/019.jpg,1
6189742/025.jpg,6189742/047.jpg,1
4872706/054.jpg,4872706/073.jpg,1
4517623/006.jpg,4517623/002.jpg,1
6002497/014.jpg,6002497/010.jpg,1
4391932/010.jpg,4391932/088.jpg,1
4626694/027.jpg,4626694/032.jpg,1
4883718/014.jpg,4883718/022.jpg,1
4474577/035.jpg,4474577/017.jpg,1
5349303/006.jpg,5349303/008.jpg,1
4366054/008.jpg,4366054/003.jpg,1
4398262/013.jpg,4398262/016.jpg,1
4391099/016.jpg,4391099/006.jpg,1
5486964/006.jpg,5486964/009.jpg,1
5725535/015.jpg,5725535/006.jpg,1
4481235/004.jpg,4481235/001.jpg,1
4366054/010.jpg,4366054/007.jpg,1
4718905/030.jpg,4718905/035.jpg,1
4565194/005.jpg,4565194/011.jpg,1
6188016/009.jpg,6188016/004.jpg,1
4874651/030.jpg,4874651/009.jpg,1
4646781/030.jpg,4646781/024.jpg,1
4547592/008.jpg,4547592/009.jpg,1
6252408/005.jpg,6252408/016.jpg,1
5178348/022.jpg,5178348/001.jpg,1
5196965/015.jpg,5196965/005.jpg,1
4478211/016.jpg,4478211/008.jpg,1
5399497/006.jpg,5399497/001.jpg,1
5971068/018.jpg,5971068/001.jpg,1
5446745/008.jpg,5446745/010.jpg,1
4976467/012.jpg,4976467/007.jpg,1
6002497/004.jpg,6002497/009.jpg,1
5604363/022.jpg,5604363/001.jpg,1
4990126/025.jpg,4990126/037.jpg,1
4705288/001.jpg,4705288/006.jpg,1
4947229/002.jpg,4947229/001.jpg,1
5583008/002.jpg,5583008/029.jpg,1
6249350/010.jpg,6249350/017.jpg,1
5587543/036.jpg,5587543/010.jpg,1
4682545/034.jpg,4682545/031.jpg,1
4936479/028.jpg,4936479/035.jpg,1
4513469/011.jpg,4513469/020.jpg,1
4939017/038.jpg,4939017/020.jpg,1
4535518/012.jpg,4535518/035.jpg,1
4415201/010.jpg,4415201/032.jpg,1
4582999/014.jpg,4582999/009.jpg,1
5121337/031.jpg,5121337/033.jpg,1
5559534/001.jpg,5559534/017.jpg,1
6234845/009.jpg,6234845/006.jpg,1
5540978/031.jpg,5540978/003.jpg,1
6031709/035.jpg,6031709/013.jpg,1
6489352/004.jpg,6489352/010.jpg,1
4959070/020.jpg,4959070/002.jpg,1
5847762/012.jpg,5847762/015.jpg,1
5583008/005.jpg,5583008/033.jpg,1
4571330/048.jpg,4571330/018.jpg,1
4674232/023.jpg,4674232/005.jpg,1
4522267/054.jpg,4522267/039.jpg,1
4391099/013.jpg,4391099/023.jpg,1
6573530/003.jpg,6573530/022.jpg,1
4661932/035.jpg,5208973/006.jpg,0
6079503/031.jpg,5680642/007.jpg,0
4908437/012.jpg,5961035/004.jpg,0
5136263/002.jpg,5713413/018.jpg,0
5040896/027.jpg,4422265/012.jpg,0
6487924/009.jpg,4687936/036.jpg,0
5605786/001.jpg,5617665/021.jpg,0
4739096/002.jpg,5227176/008.jpg,0
5266282/006.jpg,4739096/064.jpg,0
5554445/018.jpg,5211815/036.jpg,0
5136263/010.jpg,5942362/011.jpg,0
4486486/009.jpg,4481822/003.jpg,0
5059998/017.jpg,5803970/016.jpg,0
4546107/005.jpg,5942362/066.jpg,0
5431622/016.jpg,4751000/029.jpg,0
6039617/018.jpg,5621307/007.jpg,0
4535518/034.jpg,5908190/014.jpg,0
5105498/024.jpg,5961035/014.jpg,0
4701008/005.jpg,5617665/002.jpg,0
4586904/042.jpg,4869921/008.jpg,0
4570220/047.jpg,4526040/032.jpg,0
5559738/002.jpg,6305385/005.jpg,0
5040896/017.jpg,4513469/035.jpg,0
5476978/033.jpg,4968394/013.jpg,0
4832920/050.jpg,5196965/014.jpg,0
4794166/015.jpg,4990557/026.jpg,0
5202053/016.jpg,4774362/057.jpg,0
5652218/015.jpg,4739096/037.jpg,0
5101061/002.jpg,4733211/020.jpg,0
6121003/001.jpg,4366054/009.jpg,0
5153308/013.jpg,6230258/043.jpg,0
5223413/022.jpg,4476394/065.jpg,0
6189742/009.jpg,4480988/005.jpg,0
4898323/002.jpg,5077890/011.jpg,0
5847762/002.jpg,5942362/040.jpg,0
5105498/035.jpg,4415201/004.jpg,0
5097279/022.jpg,4976467/001.jpg,0
5908190/015.jpg,5605786/013.jpg,0
5103952/013.jpg,5476978/032.jpg,0
5664432/016.jpg,5725655/020.jpg,0
5117177/032.jpg,5613764/005.jpg,0
5613764/034.jpg,5037351/010.jpg,0
4448905/028.jpg,4872819/004.jpg,0
5559738/015.jpg,4474577/040.jpg,0
4436641/002.jpg,6305385/010.jpg,0
5625014/012.jpg,4565194/001.jpg,0
6152976/040.jpg,4661932/003.jpg,0
4568815/006.jpg,5225691/013.jpg,0
5308173/028.jpg,6189742/030.jpg,0
6573530/011.jpg,5336712/021.jpg,0
6079503/014.jpg,5592004/015.jpg,0
4874651/027.jpg,4519587/048.jpg,0
4716572/024.jpg,5283241/011.jpg,0
5438205/014.jpg,5399497/011.jpg,0
4476394/012.jpg,4832920/073.jpg,0
4947229/003.jpg,5809867/001.jpg,0
5256067/005.jpg,5604363/016.jpg,0
4535518/014.jpg,5336712/015.jpg,0
5070789/051.jpg,4448905/013.jpg,0
4474577/028.jpg,4682545/006.jpg,0
4461361/009.jpg,6031709/026.jpg,0
4703025/019.jpg,4552582/028.jpg,0
5908190/030.jpg,4883718/033.jpg,0
4523752/019.jpg,6252408/006.jpg,0
5621307/006.jpg,4690180/002.jpg,0
4415201/025.jpg,4552582/011.jpg,0
5478140/009.jpg,4578203/022.jpg,0
5059998/010.jpg,5077890/008.jpg,0
4898323/032.jpg,4858020/004.jpg,0
5657590/003.jpg,4416000/011.jpg,0
5562809/019.jpg,5587543/056.jpg,0
4683748/012.jpg,5037351/028.jpg,0
4401897/024.jpg,4486486/007.jpg,0
4668986/011.jpg,5569034/003.jpg,0
5725535/002.jpg,4536310/005.jpg,0
5256067/027.jpg,5249697/021.jpg,0
4522267/049.jpg,4527107/017.jpg,0
5342419/009.jpg,4832920/021.jpg,0
4573256/002.jpg,5164828/010.jpg,0
5438205/007.jpg,4898323/039.jpg,0
5336712/008.jpg,5587543/033.jpg,0
4893225/036.jpg,4495217/014.jpg,0
4476887/016.jpg,4476394/049.jpg,0
5182593/004.jpg,4723564/001.jpg,0
4666955/008.jpg,5444355/006.jpg,0
4555930/010.jpg,4990557/027.jpg,0
5223413/016.jpg,5166378/008.jpg,0
5145425/015.jpg,5208973/030.jpg,0
6234845/019.jpg,5725535/012.jpg,0
4446467/001.jpg,6166434/032.jpg,0
4644635/014.jpg,5197836/007.jpg,0
4448255/026.jpg,4401897/025.jpg,0
5475949/014.jpg,4366054/011.jpg,0
5486964/007.jpg,4794166/001.jpg,0
5197836/025.jpg,6212900/003.jpg,0
4680788/001.jpg,4972453/025.jpg,0
4565194/004.jpg,4578203/018.jpg,0
4997946/012.jpg,4959070/003.jpg,0
4476394/074.jpg,5587543/020.jpg,0
5327610/003.jpg,4389000/015.jpg,0
4517623/013.jpg,4401897/012.jpg,0
4866928/006.jpg,4460267/012.jpg,0
5629608/007.jpg,5942362/082.jpg,0
5202053/008.jpg,4522267/032.jpg,0
4474577/024.jpg,5693349/001.jpg,0
5809867/004.jpg,5613764/019.jpg,0
4421617/006.jpg,4483476/023.jpg,0
4371004/005.jpg,4872706/044.jpg,0
4438468/015.jpg,4421617/025.jpg,0
6121003/020.jpg,4682545/015.jpg,0
4690180/009.jpg,5242830/009.jpg,0
6234845/022.jpg,5223413/032.jpg,0
5475949/016.jpg,4666955/005.jpg,0
5256067/023.jpg,5307554/024.jpg,0
4939017/029.jpg,5070789/052.jpg,0
4703025/008.jpg,5666714/011.jpg,0
5605786/015.jpg,5037351/003.jpg,0
4522267/008.jpg,5308070/009.jpg,0
4832920/072.jpg,5630205/010.jpg,0
5961035/011.jpg,4936479/017.jpg,0
5554445/020.jpg,6317420/031.jpg,0
5702934/017.jpg,4739096/038.jpg,0
6573530/024.jpg,5230942/003.jpg,0
5728349/006.jpg,4511271/013.jpg,0
6039617/005.jpg,4438468/020.jpg,0
6031709/027.jpg,4533198/026.jpg,0
4765240/021.jpg,6062003/006.jpg,0
4591670/056.jpg,5105498/001.jpg,0
4836884/021.jpg,5052065/019.jpg,0
4401897/013.jpg,4566652/001.jpg,0
4477072/016.jpg,4391099/034.jpg,0
4391099/014.jpg,4872706/018.jpg,0
6252408/010.jpg,4586904/048.jpg,0
5997749/005.jpg,4423549/026.jpg,0
5625014/007.jpg,4701008/056.jpg,0
5243044/015.jpg,5106460/012.jpg,0
4591670/025.jpg,5350882/004.jpg,0
4573256/001.jpg,5073287/003.jpg,0
4674232/030.jpg,5562809/013.jpg,0
5070789/031.jpg,5123271/008.jpg,0
5191227/013.jpg,4522267/002.jpg,0
5197836/028.jpg,5106460/015.jpg,0
4872706/035.jpg,5498592/004.jpg,0
5438205/006.jpg,5540978/012.jpg,0
4705288/019.jpg,4578203/012.jpg,0
5902240/003.jpg,4716572/020.jpg,0
5249697/002.jpg,4674232/024.jpg,0
5142374/017.jpg,4872706/013.jpg,0
5449559/023.jpg,5153308/016.jpg,0
5693349/003.jpg,5191227/003.jpg,0
5681403/007.jpg,5942362/091.jpg,0
5092806/014.jpg,5360404/032.jpg,0
6432391/050.jpg,4687936/013.jpg,0
4364670/001.jpg,4990126/045.jpg,0
5287030/012.jpg,4536310/013.jpg,0
4765240/005.jpg,4589825/012.jpg,0
4442319/034.jpg,4990557/029.jpg,0
5903584/004.jpg,5694385/004.jpg,0
4481235/010.jpg,5105498/029.jpg,0
4460267/006.jpg,5043972/028.jpg,0
4565194/022.jpg,5070789/021.jpg,0
4391932/001.jpg,4682545/047.jpg,0
4703025/016.jpg,5308173/008.jpg,0
4568815/017.jpg,5266282/013.jpg,0
5342419/006.jpg,5162684/011.jpg,0
5586718/007.jpg,4546107/026.jpg,0
5801165/009.jpg,5903584/014.jpg,0
4832920/043.jpg,4804343/044.jpg,0
4565194/012.jpg,5831542/014.jpg,0
6392685/024.jpg,5153308/003.jpg,0
4939017/030.jpg,6212900/020.jpg,0
4476068/014.jpg,6074154/016.jpg,0
5734180/008.jpg,4687936/038.jpg,0
4571330/037.jpg,5544358/010.jpg,0
5117177/054.jpg,6573530/019.jpg,0
5145425/011.jpg,4939017/025.jpg,0
5903584/023.jpg,5307554/022.jpg,0
5040896/008.jpg,5103952/010.jpg,0
4893225/032.jpg,5583008/001.jpg,0
4626694/019.jpg,5242830/011.jpg,0
5121337/005.jpg,5052211/049.jpg,0
4891959/005.jpg,5097279/025.jpg,0
5307554/028.jpg,5476978/001.jpg,0
4990557/018.jpg,5280381/012.jpg,0
4687936/019.jpg,5211815/029.jpg,0
5104893/001.jpg,4990126/049.jpg,0
4474577/066.jpg,4959070/013.jpg,0
6166434/005.jpg,5902240/001.jpg,0
4626694/011.jpg,5211815/016.jpg,0
4448905/030.jpg,5613764/015.jpg,0
6219361/019.jpg,5734180/015.jpg,0
4705288/026.jpg,4990126/042.jpg,0
5617665/017.jpg,5928307/002.jpg,0
5243044/003.jpg,6189742/049.jpg,0
5875151/009.jpg,4511271/009.jpg,0
4774362/029.jpg,4391932/044.jpg,0
5476978/012.jpg,4790982/007.jpg,0
5438769/006.jpg,6305385/017.jpg,0
5101061/013.jpg,4891959/003.jpg,0
4883718/019.jpg,5349303/014.jpg,0
6432391/048.jpg,5680642/002.jpg,0
5117177/035.jpg,4483476/002.jpg,0
4681522/004.jpg,6189742/032.jpg,0
4701008/061.jpg,5230942/009.jpg,0
4836884/045.jpg,5587543/039.jpg,0
5360404/031.jpg,5287030/008.jpg,0
4533198/040.jpg,5256067/039.jpg,0
5196965/010.jpg,4513469/033.jpg,0
4573256/012.jpg,5605786/003.jpg,0
4371004/008.jpg,4578203/006.jpg,0
4422265/040.jpg,4478322/022.jpg,0
5445402/011.jpg,5052065/025.jpg,0
4557349/012.jpg,4933278/028.jpg,0
5162684/001.jpg,4572741/008.jpg,0
4480988/015.jpg,4739096/068.jpg,0
4436641/012.jpg,5197836/029.jpg,0
4474577/037.jpg,4483476/046.jpg,0
5666714/004.jpg,5961035/009.jpg,0
5274598/025.jpg,5652218/009.jpg,0
5621307/001.jpg,5873274/006.jpg,0
5360404/033.jpg,5211815/026.jpg,0
5811827/003.jpg,5145425/027.jpg,0
4891959/023.jpg,6219361/028.jpg,0
4585643/008.jpg,4832920/040.jpg,0
5743918/030.jpg,5540978/030.jpg,0
4874651/002.jpg,5540978/009.jpg,0
4438468/007.jpg,4571330/039.jpg,0
5164828/013.jpg,4378215/005.jpg,0
4596402/004.jpg,5052065/002.jpg,0
5256067/047.jpg,4488042/024.jpg,0
5092806/003.jpg,6266630/010.jpg,0
4898323/016.jpg,4586904/002.jpg,0
4858020/011.jpg,5725535/013.jpg,0
4978948/009.jpg,5617665/004.jpg,0
6249350/006.jpg,5801165/014.jpg,0
6489352/005.jpg,4470846/006.jpg,0
5847762/009.jpg,4500258/015.jpg,0
4773573/005.jpg,5153714/004.jpg,0
4701008/051.jpg,4947229/021.jpg,0
4519587/029.jpg,5121337/015.jpg,0
6573530/009.jpg,5693349/002.jpg,0
5554445/039.jpg,4561627/010.jpg,0
5562809/012.jpg,5583008/016.jpg,0
4449941/010.jpg,5242830/015.jpg,0
4774362/043.jpg,5540978/018.jpg,0
4683748/009.jpg,4589825/004.jpg,0
5713413/005.jpg,4644635/011.jpg,0
5142374/015.jpg,5037351/014.jpg,0
6212900/018.jpg,4661932/004.jpg,0
5569034/012.jpg,5166378/028.jpg,0
5308173/007.jpg,4651833/001.jpg,0
4438468/011.jpg,6121003/031.jpg,0
5540978/025.jpg,4371004/011.jpg,0
4723564/009.jpg,5743918/008.jpg,0
5052211/007.jpg,5725655/027.jpg,0
5911712/008.jpg,5342419/007.jpg,0
4535518/006.jpg,5592004/016.jpg,0
4476068/017.jpg,5373057/004.jpg,0
4572741/005.jpg,4525233/007.jpg,0
4435720/013.jpg,4651833/016.jpg,0
4434461/023.jpg,4438468/009.jpg,0
5293695/006.jpg,6432391/006.jpg,0
4546227/006.jpg,5261198/005.jpg,0
5831542/027.jpg,6252408/019.jpg,0
5208973/014.jpg,5307554/015.jpg,0
6152976/001.jpg,4866928/008.jpg,0
4535029/001.jpg,4446467/011.jpg,0
4872706/031.jpg,4879650/006.jpg,0
6317420/001.jpg,4513469/026.jpg,0
4481822/002.jpg,4739096/011.jpg,0
4661932/012.jpg,5266282/019.jpg,0
6487924/005.jpg,5942362/080.jpg,0
4858020/002.jpg,5592004/017.jpg,0
4876284/022.jpg,4474577/057.jpg,0
5307554/021.jpg,5280381/001.jpg,0
4959070/005.jpg,6383100/008.jpg,0
5908190/043.jpg,4591670/006.jpg,0
5809867/018.jpg,4519587/031.jpg,0
4690180/005.jpg,5216165/020.jpg,0
5117177/052.jpg,5306079/013.jpg,0
5680642/023.jpg,4578203/027.jpg,0
4586904/032.jpg,4861659/010.jpg,0
5251016/009.jpg,4591670/018.jpg,0
4701008/030.jpg,4893225/041.jpg,0
4371004/017.jpg,5604363/012.jpg,0
4550086/004.jpg,4908437/004.jpg,0
5110983/004.jpg,5251016/022.jpg,0
5554445/010.jpg,4435720/019.jpg,0
4586904/025.jpg,6249350/012.jpg,0
4588939/002.jpg,4701008/066.jpg,0
4831424/005.jpg,5194953/007.jpg,0
4857044/021.jpg,4533198/009.jpg,0
5801165/011.jpg,5261198/010.jpg,0
6230258/006.jpg,5249697/005.jpg,0
4939017/011.jpg,4460267/021.jpg,0
4770772/007.jpg,5373057/007.jpg,0
4718905/032.jpg,6353801/012.jpg,0
5861947/012.jpg,4591670/027.jpg,0
5073287/016.jpg,4513448/003.jpg,0
4678782/002.jpg,4416000/010.jpg,0
4690180/003.jpg,4533198/034.jpg,0
4804343/012.jpg,4939017/028.jpg,0
6189742/048.jpg,4572322/004.jpg,0
6152976/029.jpg,4508994/017.jpg,0
5349303/005.jpg,4638404/007.jpg,0
4511271/003.jpg,5037999/010.jpg,0
5476978/018.jpg,6252408/002.jpg,0
4570220/050.jpg,6304911/008.jpg,0
5052065/003.jpg,4446467/026.jpg,0
4547592/006.jpg,5681882/009.jpg,0
4546107/013.jpg,4661932/030.jpg,0
4585643/004.jpg,4415201/021.jpg,0
4533198/002.jpg,5475949/020.jpg,0
5052472/018.jpg,5360404/001.jpg,0
4674232/011.jpg,5202053/018.jpg,0
5587543/048.jpg,4872706/007.jpg,0
5680642/019.jpg,4511271/007.jpg,0
5283241/022.jpg,4976467/011.jpg,0
5652218/004.jpg,5597972/013.jpg,0
4879650/012.jpg,4831424/009.jpg,0
4533198/008.jpg,4448905/005.jpg,0
4522267/001.jpg,5145425/025.jpg,0
4682545/016.jpg,5664432/019.jpg,0
4869921/006.jpg,5097279/020.jpg,0
5097279/023.jpg,4891959/001.jpg,0
4474577/014.jpg,4936479/025.jpg,0
4391932/055.jpg,4568815/002.jpg,0
4571330/001.jpg,5070789/038.jpg,0
5597972/017.jpg,5196965/023.jpg,0
5486964/014.jpg,6293841/009.jpg,0
5360404/003.jpg,5117177/030.jpg,0
4449941/025.jpg,5847762/008.jpg,0
5134284/011.jpg,4872706/017.jpg,0
6573530/023.jpg,4958201/007.jpg,0
6383100/010.jpg,4511271/004.jpg,0
4701008/058.jpg,4421617/051.jpg,0
4442319/027.jpg,4876284/004.jpg,0
4478211/004.jpg,4523752/002.jpg,0
4876284/028.jpg,4666955/006.jpg,0
4701008/039.jpg,5211815/003.jpg,0
4990557/023.jpg,6031709/036.jpg,0
5197836/034.jpg,4674232/004.jpg,0
4701008/033.jpg,5182593/012.jpg,0
5449559/006.jpg,6573530/016.jpg,0
4646781/005.jpg,5725535/009.jpg,0
4858020/009.jpg,4626694/018.jpg,0
4436641/015.jpg,5110983/011.jpg,0
5208973/013.jpg,4554203/021.jpg,0
5438205/021.jpg,4545833/022.jpg,0
4448905/014.jpg,5223413/009.jpg,0
4687936/022.jpg,5197836/031.jpg,0
4697554/005.jpg,4470846/014.jpg,0
6189742/027.jpg,4939017/043.jpg,0
5104893/015.jpg,4552582/017.jpg,0
5105498/031.jpg,4535518/038.jpg,0
5307554/010.jpg,4787977/015.jpg,0
5117177/010.jpg,4557349/010.jpg,0
4739096/074.jpg,4546107/002.jpg,0
5476978/037.jpg,5216165/002.jpg,0
5191227/006.jpg,5157403/023.jpg,0
6266630/008.jpg,5942362/072.jpg,0
6166434/037.jpg,4992243/008.jpg,0
5902240/020.jpg,6230258/037.jpg,0
5438769/014.jpg,4697554/012.jpg,0
4591670/058.jpg,4478322/007.jpg,0
5274598/018.jpg,4377242/013.jpg,0
6249350/009.jpg,4495217/002.jpg,0
5694385/003.jpg,5911712/013.jpg,0
4527107/004.jpg,4487976/001.jpg,0
5554445/005.jpg,4533198/056.jpg,0
4555351/031.jpg,5540978/007.jpg,0
4681922/022.jpg,4746337/004.jpg,0
4872819/007.jpg,4487976/017.jpg,0
4571330/063.jpg,5657590/012.jpg,0
6109225/018.jpg,4803105/011.jpg,0
5178348/006.jpg,4858020/014.jpg,0
4423549/023.jpg,4519587/030.jpg,0
5077481/027.jpg,5123271/020.jpg,0
5223413/007.jpg,5997749/001.jpg,0
5251016/012.jpg,4415201/008.jpg,0
6166434/022.jpg,5327610/021.jpg,0
5569981/017.jpg,4936479/020.jpg,0
6418193/018.jpg,4418099/002.jpg,0
4545833/006.jpg,4589825/013.jpg,0
6293841/011.jpg,5475949/018.jpg,0
5266282/010.jpg,5092806/013.jpg,0
4555351/001.jpg,4578203/001.jpg,0
4553772/026.jpg,4701008/013.jpg,0
5942362/018.jpg,6293841/020.jpg,0
4687936/025.jpg,5553911/030.jpg,0
5077481/017.jpg,4391932/014.jpg,0
5256067/021.jpg,4832920/061.jpg,0
5070789/004.jpg,5908190/008.jpg,0
4674232/006.jpg,4932304/009.jpg,0
6317420/004.jpg,4751000/016.jpg,0
4990557/013.jpg,4422265/015.jpg,0
4701008/031.jpg,4476394/083.jpg,0
4568815/014.jpg,4933278/006.jpg,0
5693349/012.jpg,5208973/019.jpg,0
4588939/007.jpg,4933278/015.jpg,0
6039617/009.jpg,4550086/001.jpg,0
5554445/037.jpg,5398610/013.jpg,0
5336712/022.jpg,4703025/030.jpg,0
4708023/014.jpg,5873274/010.jpg,0
5875151/007.jpg,4939017/039.jpg,0
4936479/023.jpg,5583008/023.jpg,0
4486486/017.jpg,5942362/085.jpg,0
4674232/037.jpg,4765240/007.jpg,0
5803970/003.jpg,4831148/019.jpg,0
4997946/011.jpg,4722219/005.jpg,0
6031709/007.jpg,4448905/007.jpg,0
5043972/021.jpg,4898323/003.jpg,0
6219361/024.jpg,5831542/022.jpg,0
5694385/013.jpg,4716572/026.jpg,0
4566652/019.jpg,5251016/010.jpg,0
4646781/022.jpg,4460267/013.jpg,0
4682545/038.jpg,6230258/019.jpg,0
5449559/019.jpg,4644635/016.jpg,0
4701008/012.jpg,4976467/015.jpg,0
5513628/012.jpg,5077481/008.jpg,0
4690180/004.jpg,5949163/004.jpg,0
4718905/012.jpg,4476887/012.jpg,0
4481822/021.jpg,6188016/002.jpg,0
4371004/009.jpg,5902240/014.jpg,0
5831542/032.jpg,4872706/050.jpg,0
4883718/013.jpg,5327610/007.jpg,0
5942362/058.jpg,6305385/004.jpg,0
4536310/014.jpg,5675606/016.jpg,0
4832920/054.jpg,4646781/001.jpg,0
6392685/037.jpg,6189742/014.jpg,0
5100367/015.jpg,4391099/029.jpg,0
5223413/033.jpg,4415900/012.jpg,0
4570220/004.jpg,5597972/016.jpg,0
4448905/020.jpg,5142374/012.jpg,0
5398610/014.jpg,5092806/015.jpg,0
4571330/021.jpg,5562809/004.jpg,0
4547592/015.jpg,5052065/007.jpg,0
4832920/076.jpg,5166378/019.jpg,0
4790982/021.jpg,5476978/003.jpg,0
6392685/025.jpg,4586797/003.jpg,0
6489352/012.jpg,5162684/013.jpg,0
5104893/017.jpg,5617665/019.jpg,0
4389000/005.jpg,5162684/015.jpg,0
6121003/003.jpg,4391099/026.jpg,0
4522267/031.jpg,5444355/019.jpg,0
4586904/014.jpg,6189742/004.jpg,0
5475949/010.jpg,4479375/001.jpg,0
4519587/034.jpg,5554445/008.jpg,0
4474577/039.jpg,4570220/025.jpg,0
4391099/017.jpg,5666714/014.jpg,0
5398610/004.jpg,4572322/011.jpg,0
4566652/010.jpg,4666955/009.jpg,0
5052211/024.jpg,4573256/021.jpg,0
5211815/001.jpg,6234845/015.jpg,0
4573256/007.jpg,4449941/023.jpg,0
4481235/006.jpg,4990557/004.jpg,0
5123271/027.jpg,4891959/014.jpg,0
5162684/010.jpg,4718905/024.jpg,0
4391932/074.jpg,6002497/001.jpg,0
4898323/044.jpg,4459426/012.jpg,0
5356118/001.jpg,4773573/010.jpg,0
5251016/006.jpg,4697554/008.jpg,0
4446467/005.jpg,4525233/032.jpg,0
4883718/035.jpg,4687936/002.jpg,0
4661932/031.jpg,5621307/004.jpg,0
4561627/012.jpg,4478211/012.jpg,0
4972453/007.jpg,4416000/012.jpg,0
4596402/014.jpg,5475949/002.jpg,0
4918175/003.jpg,4461361/008.jpg,0
4680788/009.jpg,4488042/002.jpg,0
4903197/018.jpg,4508994/007.jpg,0
4739096/005.jpg,4418099/020.jpg,0
5261198/012.jpg,4422265/039.jpg,0
4481822/011.jpg,6392685/039.jpg,0
4680788/017.jpg,4770772/017.jpg,0
5942362/004.jpg,4658287/010.jpg,0
5562809/002.jpg,5307554/001.jpg,0
5583008/017.jpg,4391932/058.jpg,0
5243044/016.jpg,5105498/040.jpg,0
4990557/009.jpg,5373057/003.jpg,0
4668986/002.jpg,5356118/012.jpg,0
6152976/038.jpg,5553911/043.jpg,0
4481822/010.jpg,4958201/001.jpg,0
5266282/015.jpg,5052211/040.jpg,0
4729433/004.jpg,4481235/016.jpg,0
5070789/027.jpg,4486486/018.jpg,0
4517623/001.jpg,5097279/008.jpg,0
4364670/003.jpg,5540978/019.jpg,0
4487976/002.jpg,5652218/008.jpg,0
5157403/009.jpg,4476394/029.jpg,0
5423912/016.jpg,4661932/021.jpg,0
5164828/043.jpg,5256067/006.jpg,0
4832920/046.jpg,4474577/045.jpg,0
5586718/018.jpg,5166378/026.jpg,0
4872706/053.jpg,5554445/042.jpg,0
4941095/001.jpg,4446467/032.jpg,0
5664432/002.jpg,5694385/006.jpg,0
5652218/030.jpg,4661932/024.jpg,0
5360404/026.jpg,5266282/014.jpg,0
4578203/013.jpg,4533198/043.jpg,0
